favorite_id,user_id,listing_id,favorite_date
1,28,138,2024-02-14
2,68,266,2024-04-28
3,89,288,2024-01-03
4,82,220,2024-09-03
5,10,96,2024-01-11
6,28,255,2024-03-29
7,43,60,2024-03-11
8,47,82,2024-11-08
9,96,58,2024-09-24
10,99,170,2024-04-18
11,98,137,2024-06-12
12,86,51,2024-03-17
13,42,187,2024-12-08
14,24,288,2024-09-17
15,43,9,2024-07-27
16,22,255,2024-03-07
17,83,28,2024-07-17
18,91,165,2024-03-12
19,21,109,2024-11-13
20,77,249,2024-03-24
21,77,166,2024-04-02
22,45,161,2024-08-28
23,39,241,2024-06-17
24,88,81,2024-03-16
25,12,151,2024-10-09
26,53,201,2024-12-25
27,38,97,2024-11-01
28,25,50,2024-03-22
29,14,216,2024-05-17
30,6,280,2024-03-09
31,31,282,2024-12-06
32,84,294,2024-11-18
33,9,262,2024-06-05
34,3,144,2024-06-19
35,82,253,2024-12-15
36,23,219,2024-12-17
37,15,159,2024-06-01
38,10,105,2024-07-26
39,26,298,2024-06-04
40,22,238,2024-11-22
41,6,186,2024-09-08
42,59,276,2024-08-11
43,15,212,2024-03-25
44,53,159,2024-02-19
45,28,81,2024-06-28
46,10,197,2024-06-04
47,12,282,2024-04-22
48,74,87,2024-11-21
49,10,59,2024-11-25
50,87,97,2024-03-28
51,4,32,2024-06-04
52,82,115,2024-06-27
53,63,210,2024-04-02
54,77,179,2024-09-01
55,48,167,2024-10-31
56,93,29,2024-03-16
57,55,217,2024-04-01
58,10,261,2024-08-22
59,100,236,2024-01-12
60,34,1,2024-08-12
61,36,81,2024-05-13
62,66,62,2024-09-21
63,72,168,2024-08-27
64,39,156,2024-07-07
65,45,204,2024-02-13
66,27,146,2024-12-15
67,71,149,2024-01-12
68,8,146,2024-08-31
69,21,56,2024-10-15
70,25,64,2024-05-13
71,12,212,2024-01-18
72,79,163,2024-08-31
73,84,58,2024-02-19
74,48,187,2024-03-08
75,60,137,2024-04-15
76,53,43,2024-04-30
77,100,220,2024-03-23
78,32,156,2024-02-21
79,82,99,2024-08-04
80,5,255,2024-07-19
81,76,226,2024-08-24
82,19,94,2024-03-01
83,24,11,2024-09-20
84,50,15,2024-03-15
85,32,44,2024-03-29
86,47,19,2024-04-12
87,7,242,2024-07-16
88,96,21,2024-04-22
89,35,187,2024-01-18
90,42,123,2024-11-18
91,22,72,2024-05-30
92,40,153,2024-01-31
93,46,286,2024-02-12
94,96,72,2024-02-14
95,95,81,2024-05-06
96,33,57,2024-10-09
97,100,38,2024-04-02
98,27,43,2024-07-22
99,70,127,2024-07-17
100,20,107,2024-08-16
101,5,245,2024-02-29
102,48,22,2024-11-22
103,28,124,2024-12-08
104,86,10,2024-04-14
105,49,280,2024-05-14
106,13,150,2024-04-06
107,42,56,2024-06-04
108,28,255,2024-04-25
109,32,168,2024-11-15
110,45,83,2024-01-18
111,54,268,2024-04-10
112,4,282,2024-01-16
113,63,235,2024-04-25
114,97,220,2024-01-17
115,64,79,2024-02-13
116,65,13,2024-06-05
117,8,300,2024-03-13
118,21,277,2024-05-03
119,34,207,2024-12-31
120,40,259,2024-09-27
121,86,206,2024-01-03
122,32,255,2024-02-14
123,11,203,2024-01-18
124,77,298,2024-05-16
125,12,151,2024-03-12
126,50,227,2024-12-26
127,51,267,2024-09-06
128,91,296,2024-02-01
129,91,197,2024-01-31
130,95,125,2024-11-18
131,18,148,2024-05-27
132,71,107,2024-07-04
133,55,44,2024-10-17
134,62,28,2024-09-22
135,21,187,2024-03-12
136,64,36,2024-01-13
137,47,163,2024-10-28
138,1,130,2024-08-31
139,57,125,2024-11-20
140,47,110,2024-11-26
141,73,242,2024-12-29
142,82,75,2024-12-07
143,19,63,2024-02-13
144,51,115,2024-12-15
145,51,55,2024-04-03
146,4,121,2024-07-04
147,7,266,2024-12-25
148,30,230,2024-04-28
149,46,172,2024-08-12
150,49,157,2024-10-04
151,56,30,2024-01-27
152,79,203,2024-07-13
153,6,169,2024-11-30
154,100,210,2024-05-03
155,15,208,2024-09-08
156,79,27,2024-11-27
157,88,227,2024-10-07
158,25,46,2024-10-22
159,86,131,2024-11-02
160,71,105,2024-09-15
161,73,106,2024-05-28
162,29,246,2024-09-18
163,59,169,2024-10-15
164,58,187,2024-11-16
165,95,130,2024-06-14
166,12,124,2024-08-25
167,58,67,2024-07-10
168,98,274,2024-09-01
169,75,47,2024-06-03
170,68,233,2024-10-09
171,100,73,2024-08-01
172,73,119,2024-06-16
173,95,279,2024-06-13
174,59,257,2024-05-27
175,49,109,2024-08-12
176,75,222,2024-05-02
177,88,285,2024-04-22
178,69,114,2024-01-02
179,33,31,2024-01-05
180,86,80,2024-08-07
181,96,57,2024-03-30
182,31,198,2024-05-02
183,13,195,2024-02-15
184,32,278,2024-12-21
185,4,134,2024-01-22
186,68,40,2024-07-24
187,6,281,2024-05-13
188,15,231,2024-09-01
189,97,173,2024-05-13
190,82,204,2024-04-03
191,14,219,2024-07-26
192,21,159,2024-10-09
193,100,195,2024-08-13
194,86,201,2024-11-05
195,79,285,2024-02-05
196,55,22,2024-11-05
197,80,216,2024-03-19
198,90,66,2024-08-18
199,100,106,2024-05-21
200,73,208,2024-04-24
201,77,69,2024-10-17
202,68,181,2024-02-22
203,47,235,2024-11-17
204,100,28,2024-11-13
205,50,231,2024-12-27
206,62,105,2024-08-18
207,70,2,2024-07-04
208,9,215,2024-07-30
209,31,165,2024-11-03
210,39,110,2024-06-24
211,46,63,2024-10-05
212,82,124,2024-09-27
213,64,249,2024-04-29
214,40,282,2024-12-02
215,99,64,2024-12-08
216,55,48,2024-08-24
217,100,190,2024-10-08
218,94,106,2024-04-19
219,33,265,2024-06-28
220,71,213,2024-03-27
221,48,276,2024-03-24
222,93,53,2024-06-07
223,76,135,2024-01-22
224,98,8,2024-09-23
225,96,280,2024-10-12
226,69,196,2024-04-03
227,65,212,2024-07-28
228,97,96,2024-04-12
229,2,71,2024-06-07
230,71,261,2024-08-20
231,62,67,2024-02-08
232,80,81,2024-06-16
233,47,253,2024-02-08
234,84,82,2024-11-12
235,34,19,2024-02-16
236,4,66,2024-12-20
237,72,256,2024-05-17
238,32,93,2024-11-11
239,54,51,2024-02-22
240,87,231,2024-11-27
241,41,19,2024-04-11
242,57,219,2024-12-11
243,26,260,2024-06-08
244,96,274,2024-01-22
245,64,11,2024-06-14
246,80,263,2024-12-08
247,92,226,2024-01-23
248,97,210,2024-01-20
249,47,1,2024-11-26
250,56,10,2024-10-13
251,70,64,2024-01-15
252,65,113,2024-05-11
253,96,129,2024-04-20
254,87,297,2024-12-08
255,23,160,2024-07-27
256,14,11,2024-08-22
257,93,275,2024-05-05
258,60,134,2024-05-07
259,92,88,2024-02-19
260,73,92,2024-01-06
261,55,42,2024-04-16
262,12,199,2024-03-31
263,45,159,2024-01-08
264,19,83,2024-07-19
265,54,121,2024-10-24
266,69,288,2024-12-03
267,94,65,2024-01-28
268,94,14,2024-04-08
269,24,94,2024-06-30
270,16,199,2024-03-30
271,67,142,2024-05-26
272,61,47,2024-09-30
273,28,18,2024-05-16
274,88,67,2024-12-08
275,71,180,2024-08-27
276,82,279,2024-12-30
277,76,143,2024-02-08
278,98,44,2024-04-01
279,8,203,2024-02-29
280,83,137,2024-09-06
281,90,294,2024-09-26
282,53,147,2024-10-08
283,45,165,2024-09-01
284,90,68,2024-04-02
285,50,194,2024-01-21
286,66,98,2024-10-19
287,52,13,2024-03-31
288,62,116,2024-01-09
289,29,204,2024-04-30
290,39,30,2024-08-12
291,46,126,2024-03-03
292,22,140,2024-10-05
293,48,151,2024-12-18
294,63,246,2024-12-05
295,66,91,2024-09-25
296,74,198,2024-09-03
297,31,270,2024-10-29
298,24,132,2024-12-08
299,36,273,2024-05-30
300,97,18,2024-07-19
301,2,41,2024-07-15
302,79,111,2024-02-10
303,10,68,2024-01-02
304,53,221,2024-09-06
305,62,244,2024-11-01
306,65,74,2024-11-10
307,78,82,2024-03-07
308,49,218,2024-05-12
309,83,104,2024-07-14
310,32,95,2024-12-14
311,10,68,2024-01-28
312,91,256,2024-11-10
313,89,33,2024-04-09
314,83,277,2024-03-16
315,48,245,2024-12-22
316,7,188,2024-09-07
317,48,29,2024-08-16
318,67,162,2024-09-28
319,93,6,2024-11-29
320,96,181,2024-05-06
321,41,91,2024-09-23
322,71,284,2024-03-09
323,57,248,2024-03-06
324,9,255,2024-07-09
325,67,184,2024-11-11
326,34,24,2024-12-15
327,10,273,2024-06-15
328,43,5,2024-08-20
329,55,291,2024-10-15
330,62,75,2024-12-01
331,1,92,2024-09-02
332,98,269,2024-01-18
333,96,190,2024-01-24
334,81,127,2024-12-27
335,46,204,2024-12-30
336,80,14,2024-10-07
337,47,23,2024-01-11
338,28,262,2024-07-19
339,67,66,2024-11-29
340,61,119,2024-10-17
341,1,46,2024-03-25
342,16,224,2024-12-09
343,36,287,2024-03-28
344,66,206,2024-08-25
345,19,67,2024-08-20
346,78,128,2024-05-05
347,51,54,2024-04-30
348,64,62,2024-02-24
349,57,283,2024-02-12
350,51,212,2024-03-17
351,97,285,2024-08-22
352,26,172,2024-10-29
353,24,233,2024-10-10
354,67,174,2024-03-02
355,55,297,2024-08-12
356,99,22,2024-07-13
357,87,242,2024-09-15
358,85,139,2024-08-07
359,99,191,2024-10-11
360,99,57,2024-05-01
361,79,187,2024-12-12
362,90,128,2024-08-16
363,66,94,2024-03-10
364,32,101,2024-08-03
365,89,165,2024-02-04
366,56,19,2024-10-08
367,74,73,2024-06-08
368,66,70,2024-11-25
369,24,55,2024-03-26
370,74,237,2024-01-04
371,5,157,2024-05-15
372,41,116,2024-03-13
373,77,214,2024-07-05
374,34,127,2024-11-20
375,5,299,2024-10-27
376,72,19,2024-07-15
377,67,292,2024-11-21
378,82,146,2024-12-23
379,39,82,2024-05-19
380,89,240,2024-07-24
381,9,215,2024-02-13
382,51,140,2024-12-22
383,11,168,2024-07-08
384,27,261,2024-01-11
385,5,255,2024-11-12
386,5,270,2024-10-15
387,30,253,2024-12-12
388,70,241,2024-02-15
389,19,162,2024-10-07
390,82,29,2024-04-23
391,32,152,2024-07-16
392,86,108,2024-02-29
393,57,95,2024-04-05
394,90,115,2024-12-03
395,47,31,2024-12-22
396,37,276,2024-02-17
397,40,26,2024-11-21
398,17,69,2024-07-31
399,33,155,2024-05-01
400,20,103,2024-11-16
401,24,273,2024-07-28
402,65,103,2024-12-08
403,12,275,2024-08-05
404,17,296,2024-05-10
405,95,277,2024-10-22
406,40,28,2024-08-29
407,59,249,2024-11-04
408,57,218,2024-12-12
409,31,26,2024-11-03
410,41,198,2024-05-08
411,35,184,2024-03-27
412,100,38,2024-12-12
413,94,154,2024-12-04
414,98,182,2024-09-04
415,24,59,2024-11-04
416,39,272,2024-08-13
417,8,284,2024-11-15
418,12,276,2024-02-12
419,29,101,2024-01-16
420,100,127,2024-02-13
421,22,99,2024-01-30
422,86,258,2024-07-24
423,5,41,2024-06-26
424,20,21,2024-06-25
425,67,284,2024-10-27
426,96,292,2024-11-09
427,60,156,2024-09-27
428,17,208,2024-07-12
429,76,195,2024-05-02
430,62,145,2024-01-14
431,100,125,2024-10-21
432,21,162,2024-12-01
433,82,265,2024-12-14
434,9,101,2024-05-04
435,34,287,2024-10-15
436,80,83,2024-10-09
437,84,153,2024-04-21
438,17,163,2024-01-10
439,20,260,2024-01-12
440,80,61,2024-10-07
441,84,157,2024-05-05
442,44,169,2024-06-27
443,10,282,2024-02-23
444,42,33,2024-08-09
445,7,280,2024-07-21
446,2,109,2024-11-24
447,78,231,2024-09-19
448,84,138,2024-11-16
449,74,58,2024-05-23
450,95,89,2024-05-14
451,25,111,2024-02-19
452,90,276,2024-03-20
453,96,231,2024-07-15
454,95,211,2024-04-13
455,1,273,2024-10-05
456,50,54,2024-02-23
457,14,155,2024-01-19
458,19,259,2024-05-27
459,37,184,2024-04-23
460,99,197,2024-12-17
461,23,254,2024-10-24
462,13,98,2024-05-15
463,88,215,2024-08-07
464,11,53,2024-07-11
465,27,161,2024-11-27
466,11,76,2024-11-22
467,76,65,2024-12-18
468,95,137,2024-03-01
469,25,123,2024-03-29
470,9,237,2024-01-21
471,28,78,2024-11-26
472,40,114,2024-02-09
473,59,276,2024-12-15
474,84,70,2024-12-14
475,82,34,2024-01-16
476,90,30,2024-05-24
477,17,164,2024-06-18
478,10,128,2024-09-05
479,19,183,2024-06-28
480,62,119,2024-03-25
481,48,278,2024-05-11
482,69,50,2024-08-20
483,44,144,2024-11-14
484,53,245,2024-04-30
485,57,285,2024-07-21
486,88,76,2024-12-11
487,27,210,2024-07-31
488,81,83,2024-04-05
489,38,81,2024-12-12
490,18,171,2024-09-26
491,66,145,2024-03-05
492,1,260,2024-02-19
493,38,32,2024-09-23
494,28,106,2024-10-17
495,84,139,2024-05-30
496,33,141,2024-04-28
497,68,300,2024-06-19
498,5,25,2024-10-07
499,85,290,2024-01-23
500,36,295,2024-05-18
