transaction_id,listing_id,buyer_id,transaction_date,final_price
1,3,15,2024-10-07,10.82
2,4,39,2024-07-18,130.97
3,5,64,2024-03-01,84.08
4,8,69,2024-09-26,87.08
5,9,3,2024-08-25,99.16
6,10,29,2025-01-06,9.28
7,14,52,2024-07-10,60.44
8,15,51,2024-05-19,52.86
9,16,90,2024-07-10,74.09
10,17,76,2024-07-11,108.88
11,19,23,2024-12-17,132.87
12,20,83,2024-07-10,6.73
13,23,88,2024-03-28,35.54
14,24,31,2024-05-14,36.54
15,25,41,2024-06-07,76.93
16,26,41,2025-01-13,94.53
17,30,86,2024-01-25,45.97
18,31,93,2024-05-23,61.38
19,32,3,2024-03-04,75.97
20,33,42,2024-03-21,70.01
21,34,83,2024-10-13,39.29
22,35,98,2024-08-20,16.43
23,36,17,2024-12-01,95.32
24,38,98,2024-12-29,57.78
25,39,34,2024-11-26,29.92
26,42,75,2024-08-04,55.85
27,44,81,2024-09-18,35.37
28,45,61,2024-04-19,50.93
29,46,65,2025-01-10,53.8
30,47,14,2024-02-29,123.13
31,48,21,2024-04-29,74.21
32,49,6,2025-01-06,93.31
33,51,55,2024-12-27,66.46
34,55,76,2024-06-19,27.12
35,56,22,2024-10-15,77.99
36,57,94,2024-06-15,36.04
37,58,82,2024-12-11,132.06
38,59,1,2024-07-01,106.81
39,60,53,2024-07-01,104.28
40,62,58,2024-04-19,132.44
41,63,79,2024-09-14,24.46
42,64,32,2024-12-21,56.88
43,65,17,2024-08-08,86.45
44,67,21,2024-02-08,102.77
45,68,93,2024-10-09,100.56
46,69,25,2024-02-20,32.56
47,70,24,2024-10-26,130.57
48,72,30,2024-10-16,49.23
49,75,54,2024-02-19,104.31
50,76,6,2024-07-23,119.77
51,78,75,2024-03-04,118.21
52,79,37,2024-08-13,84.08
53,81,54,2024-03-11,113.52
54,82,95,2024-04-10,18.36
55,83,67,2024-10-20,17.21
56,84,54,2024-11-19,29.07
57,86,7,2024-04-03,66.12
58,87,70,2024-07-19,27.1
59,88,3,2024-06-01,33.34
60,91,35,2024-03-13,109.91
61,93,20,2025-01-12,65.84
62,95,16,2024-02-04,22.0
63,98,19,2024-03-08,123.52
64,99,65,2024-01-16,36.1
65,100,82,2024-10-09,94.05
66,102,86,2024-11-12,79.27
67,103,33,2024-09-14,93.71
68,106,59,2024-04-16,106.26
69,107,73,2024-03-31,13.81
70,109,49,2024-11-04,74.21
71,110,27,2024-09-24,23.97
72,116,99,2024-11-15,48.29
73,117,11,2024-04-14,83.21
74,118,7,2024-08-28,22.55
75,122,42,2024-10-03,121.96
76,123,47,2024-11-01,33.86
77,124,97,2024-05-04,25.83
78,125,64,2024-08-04,82.94
79,127,34,2024-10-15,20.85
80,129,31,2024-02-12,82.24
81,130,16,2024-05-24,9.6
82,133,11,2024-08-09,63.45
83,137,43,2024-12-31,65.33
84,140,20,2024-11-04,27.61
85,143,41,2024-11-30,54.91
86,144,60,2024-10-11,49.21
87,146,48,2024-01-26,95.43
88,147,95,2024-10-22,18.73
89,152,84,2024-12-24,125.32
90,153,37,2024-03-03,29.81
91,154,30,2024-12-09,101.22
92,156,69,2024-10-22,81.82
93,157,23,2024-01-26,20.21
94,158,45,2024-10-02,110.96
95,163,62,2024-08-07,139.33
96,165,21,2024-08-21,124.76
97,166,49,2024-12-30,10.3
98,167,10,2024-08-07,107.56
99,168,38,2024-12-15,39.7
100,169,17,2024-07-23,137.94
101,170,9,2024-09-27,10.35
102,171,2,2024-02-07,45.24
103,172,15,2024-08-29,23.73
104,174,37,2024-09-23,78.93
105,176,43,2024-11-14,33.33
106,177,85,2024-06-13,34.35
107,178,25,2024-12-03,10.83
108,179,45,2024-02-29,116.35
109,184,41,2024-08-26,46.54
110,186,99,2024-02-23,130.49
111,190,67,2025-01-04,136.27
112,196,74,2024-11-17,101.85
113,197,20,2024-02-22,123.29
114,200,74,2024-05-24,87.65
115,201,89,2024-12-15,72.81
116,203,82,2024-07-02,81.34
117,204,95,2024-04-21,93.02
118,205,41,2024-09-05,12.03
119,206,37,2024-05-01,71.36
120,212,79,2024-08-23,142.77
121,213,77,2024-10-06,37.21
122,214,58,2024-05-06,74.93
123,215,49,2024-03-21,59.5
124,216,16,2024-02-17,106.15
125,217,45,2024-12-29,52.98
126,219,5,2024-03-26,121.08
127,220,37,2024-01-14,15.4
128,221,1,2024-02-03,40.37
129,222,26,2024-01-29,104.21
130,223,17,2024-03-01,108.83
131,224,48,2024-12-25,58.92
132,225,60,2024-03-31,17.86
133,229,11,2024-02-17,69.92
134,232,35,2024-05-14,56.47
135,233,58,2024-05-01,5.74
136,234,3,2024-03-16,7.13
137,235,50,2024-08-25,76.1
138,236,80,2024-12-16,35.8
139,237,58,2024-02-23,42.0
140,239,19,2024-03-09,80.3
141,240,33,2024-01-17,50.32
142,243,57,2024-10-20,112.98
143,244,23,2024-07-29,51.15
144,246,38,2024-07-25,101.9
145,248,72,2024-09-29,13.32
146,251,7,2024-03-06,125.71
147,254,24,2024-08-18,48.03
148,255,74,2024-04-03,81.92
149,256,52,2024-07-28,77.12
150,258,86,2024-02-05,132.51
151,260,6,2024-12-16,56.47
152,261,27,2024-01-30,88.23
153,262,5,2024-12-11,141.8
154,263,65,2024-12-14,65.74
155,264,87,2024-08-18,12.3
156,266,33,2024-08-27,40.73
157,267,58,2024-03-31,120.78
158,269,23,2024-06-07,34.46
159,270,9,2024-05-04,87.02
160,271,68,2024-07-17,45.7
161,272,29,2024-07-17,126.87
162,273,88,2024-11-29,16.49
163,274,19,2024-02-11,99.04
164,276,41,2024-03-06,33.38
165,277,72,2024-11-24,34.61
166,278,90,2024-05-22,117.73
167,280,26,2024-10-14,120.84
168,281,40,2024-10-30,22.5
169,282,76,2024-01-25,12.61
170,288,20,2024-03-27,52.19
171,289,92,2024-10-29,22.06
172,293,25,2024-12-25,12.66
173,295,6,2024-10-28,109.15
174,296,63,2024-08-02,82.32
175,298,2,2024-09-02,135.77
176,299,79,2024-05-23,60.4
177,300,29,2024-08-05,57.95
