user_id,name,country,registration_date
1,Giorgia Kowalski,Belgium,2022-09-21
2,Martina Mattarella,Spain,2025-08-11
3,Laura Ferrari,Lithuania,2020-02-17
4,Freddie Martin,Spain,2023-10-30
5,Emma Versace,Spain,2021-09-18
6,Luca Ferrari,Belgium,2022-12-05
7,Matteo Barone,Poland,2023-11-14
8,Emma Essian,Italy,2025-12-19
9,Pash Bianchi,Lithuania,2022-06-28
10,Sofia Helg,Lithuania,2022-03-05
11,Giulia Schmidt,Germany,2025-07-02
12,Elena Kowalski,France,2023-06-26
13,Anna Gucci,Lithuania,2023-10-17
14,Luca Nowak,Netherlands,2022-11-05
15,Pash Gucci,Germany,2020-12-15
16,Alessandro Gucci,Italy,2021-10-22
17,Matteo Barone,Belgium,2021-08-10
18,Sofia Nowak,Poland,2022-10-29
19,Francesco Kowalski,Belgium,2024-02-07
20,Alessandro Costa,Poland,2022-05-22
21,Anna Helg,Poland,2020-07-02
22,Anna Ferrari,Italy,2022-12-09
23,George Kowalski,Spain,2021-10-26
24,Pash Versace,Belgium,2023-04-01
25,Matteo Versace,Poland,2020-04-05
26,Elena Kowalski,Lithuania,2020-02-27
27,Francesco Kowalski,Netherlands,2023-04-17
28,Sofia Helg,Italy,2020-01-23
29,Kasia Costa,Spain,2024-04-25
30,Natalie Gucci,Netherlands,2022-08-11
31,Joao Gucci,Lithuania,2022-10-26
32,George Geraci,Italy,2020-07-13
33,Laura Moretti,Spain,2021-02-03
34,Natalie Barone,Lithuania,2021-07-02
35,Francesco Gucci,Netherlands,2020-03-07
36,Nina Mattarella,Lithuania,2020-02-02
37,Freddie Mattarella,Netherlands,2023-08-16
38,Francesco Versace,Lithuania,2024-10-05
39,Sofia Gucci,Poland,2020-11-13
40,George Geraci,Poland,2025-10-24
41,Nina Ferrari,Spain,2021-06-22
42,Pash Schmidt,Germany,2024-02-03
43,Freddie Rossi,Belgium,2024-04-22
44,Camille Helg,Germany,2024-10-13
45,Pash Helg,Netherlands,2025-12-20
46,Nina Barone,Poland,2022-06-19
47,Freddie Martin,Italy,2023-11-03
48,Laura Versace,Belgium,2023-03-08
49,Pierre Romano,Germany,2024-04-08
50,Luca Barone,Italy,2020-12-09
51,Freddie Ferrari,Germany,2023-10-12
52,Pierre Kowalski,Belgium,2021-06-27
53,Martina Martin,Lithuania,2025-06-07
54,Laura Geraci,Netherlands,2023-10-03
55,Camille Dubois,Netherlands,2025-09-24
56,Alessandro Mattarella,Belgium,2021-06-29
57,George Schmidt,Spain,2020-10-28
58,Anna Mattarella,Belgium,2025-09-08
59,Pierre Geraci,France,2024-01-07
60,Sofia Barone,Spain,2023-03-29
61,Francesco Versace,Netherlands,2021-10-25
62,Camille Helg,Germany,2023-06-21
63,Giorgia Gucci,Germany,2024-08-26
64,Jan Dubois,Poland,2022-12-27
65,Freddie Nowak,France,2024-12-06
66,Giorgia Kowalski,Netherlands,2021-02-25
67,Freddie Geraci,Germany,2023-10-14
68,Luca Schmidt,France,2022-06-20
69,Marco Rossi,Netherlands,2025-12-09
70,Pash Moretti,France,2023-11-15
71,Joao Helg,Belgium,2025-05-31
72,Kasia Moretti,Poland,2020-06-01
73,Anna Romano,Italy,2022-03-12
74,Freddie Costa,France,2021-08-06
75,George Nowak,Italy,2024-01-09
76,Sofia Mattarella,Italy,2021-03-10
77,Giorgia Barone,France,2020-08-26
78,Lukas Versace,Poland,2020-02-12
79,Emma Bianchi,Spain,2024-06-13
80,Elena Nowak,Lithuania,2020-05-28
81,Joao Garcia,Germany,2021-05-12
82,Pierre Romano,Spain,2020-03-09
83,Alessandro Nowak,Belgium,2025-01-28
84,Matteo Versace,Spain,2025-06-17
85,Alessandro Gucci,Germany,2024-12-17
86,Alessandro Bianchi,Germany,2024-11-10
87,Francesco Barone,Lithuania,2022-10-07
88,Martina Barone,Italy,2024-10-04
89,Kasia Ferrari,Germany,2022-01-08
90,Martina Mattarella,Lithuania,2020-09-27
91,Giulia Gucci,Netherlands,2024-07-24
92,Lukas Romano,France,2024-02-27
93,Pierre Nowak,Lithuania,2020-11-07
94,Freddie Helg,Lithuania,2021-12-02
95,Pash Schmidt,Netherlands,2022-04-15
96,Emma Ferrari,Spain,2021-06-14
97,Elena Essian,France,2022-01-05
98,Pash Rossi,Germany,2020-04-16
99,Emma Barone,Lithuania,2025-03-15
100,Nina Costa,France,2025-02-03
